Id,Category
0,25
1,62
2,147
3,89
4,69
5,120
6,107
7,132
8,132
9,115
10,59
11,76
12,192
13,127
14,151
15,97
16,177
17,125
18,93
19,100
20,70
21,58
22,6
23,57
24,178
25,199
26,7
27,33
28,0
29,19
30,100
31,121
32,179
33,47
34,125
35,90
36,91
37,75
38,30
39,66
40,180
41,25
42,93
43,49
44,109
45,91
46,94
47,102
48,97
49,94
50,176
51,198
52,90
53,128
54,183
55,195
56,50
57,96
58,10
59,81
60,13
61,192
62,35
63,121
64,43
65,56
66,130
67,121
68,113
69,86
70,183
71,93
72,129
73,143
74,80
75,77
76,121
77,96
78,66
79,37
80,111
81,180
82,172
83,101
84,120
85,24
86,113
87,101
88,32
89,10
90,111
91,86
92,186
93,119
94,18
95,12
96,79
97,107
98,104
99,109
100,103
101,43
102,154
103,124
104,16
105,1
106,113
107,3
108,44
109,199
110,173
111,172
112,129
113,146
114,88
115,115
116,160
117,3
118,45
119,9
120,176
121,128
122,94
123,98
124,5
125,194
126,79
127,34
128,67
129,170
130,14
131,15
132,1
133,139
134,45
135,134
136,56
137,192
138,35
139,17
140,115
141,184
142,100
143,44
144,196
145,62
146,136
147,98
148,103
149,196
150,54
151,94
152,12
153,7
154,66
155,137
156,24
157,167
158,37
159,183
160,31
161,117
162,182
163,18
164,31
165,56
166,137
167,79
168,35
169,76
170,70
171,61
172,43
173,62
174,134
175,115
176,85
177,6
178,10
179,67
180,75
181,126
182,180
183,7
184,160
185,182
186,29
187,12
188,107
189,40
190,75
191,145
192,48
193,140
194,82
195,139
196,99
197,154
198,194
199,73
200,15
201,177
202,5
203,146
204,93
205,53
206,128
207,63
208,145
209,93
210,193
211,179
212,139
213,141
214,178
215,0
216,57
217,151
218,98
219,109
220,80
221,138
222,166
223,71
224,64
225,193
226,162
227,194
228,39
229,171
230,159
231,177
232,189
233,122
234,17
235,10
236,94
237,34
238,130
239,87
240,23
241,9
242,199
243,22
244,159
245,35
246,125
247,107
248,5
249,12
250,150
251,139
252,198
253,60
254,3
255,136
256,80
257,106
258,111
259,168
260,64
261,16
262,196
263,62
264,156
265,104
266,109
267,189
268,78
269,190
270,29
271,58
272,12
273,35
274,151
275,23
276,64
277,137
278,54
279,166
280,136
281,165
282,171
283,192
284,108
285,194
286,149
287,11
288,9
289,13
290,100
291,158
292,0
293,116
294,162
295,58
296,135
297,9
298,143
299,160
300,16
301,114
302,45
303,25
304,2
305,180
306,152
307,183
308,159
309,127
310,49
311,11
312,108
313,93
314,44
315,85
316,108
317,103
318,114
319,53
320,76
321,103
322,19
323,34
324,58
325,87
326,104
327,156
328,21
329,188
330,144
331,12
332,169
333,109
334,57
335,98
336,153
337,168
338,77
339,174
340,152
341,159
342,68
343,195
344,188
345,64
346,113
347,95
348,123
349,189
350,15
351,129
352,98
353,29
354,163
355,81
356,140
357,54
358,191
359,163
360,68
361,19
362,127
363,167
364,99
365,12
366,140
367,112
368,2
369,16
370,187
371,17
372,105
373,100
374,18
375,108
376,57
377,10
378,158
379,145
380,44
381,5
382,25
383,9
384,39
385,151
386,152
387,50
388,158
389,84
390,13
391,8
392,168
393,39
394,64
395,66
396,141
397,26
398,64
399,174
400,181
401,70
402,138
403,148
404,46
405,141
406,122
407,134
408,151
409,6
410,143
411,84
412,159
413,195
414,3
415,159
416,155
417,140
418,30
419,103
420,163
421,26
422,58
423,36
424,100
425,180
426,149
427,137
428,65
429,141
430,104
431,142
432,138
433,1
434,66
435,97
436,123
437,79
438,9
439,83
440,22
441,49
442,195
443,149
444,167
445,94
446,198
447,101
448,177
449,24
450,138
451,149
452,43
453,2
454,162
455,30
456,146
457,49
458,131
459,166
460,195
461,25
462,125
463,73
464,28
465,112
466,184
467,81
468,167
469,48
470,36
471,168
472,18
473,101
474,179
475,60
476,33
477,0
478,119
479,25
480,28
481,77
482,96
483,64
484,165
485,147
486,117
487,63
488,155
489,188
490,166
491,61
492,130
493,125
494,83
495,85
496,130
497,87
498,85
499,91
500,65
501,24
502,131
503,176
504,145
505,174
506,177
507,107
508,113
509,135
510,31
511,119
512,88
513,93
514,140
515,94
516,21
517,80
518,17
519,164
520,63
521,106
522,157
523,127
524,53
525,84
526,65
527,89
528,112
529,77
530,89
531,112
532,183
533,125
534,144
535,117
536,41
537,131
538,177
539,175
540,152
541,156
542,54
543,90
544,148
545,148
546,57
547,165
548,136
549,172
550,1
551,36
552,170
553,60
554,191
555,58
556,184
557,161
558,17
559,126
560,3
561,139
562,51
563,195
564,16
565,39
566,132
567,63
568,82
569,36
570,160
571,88
572,116
573,134
574,96
575,113
576,101
577,179
578,50
579,143
580,171
581,48
582,30
583,1
584,70
585,160
586,91
587,90
588,82
589,75
590,32
591,105
592,94
593,89
594,118
595,182
596,25
597,108
598,45
599,73
600,66
601,69
602,114
603,170
604,139
605,48
606,73
607,54
608,171
609,29
610,157
611,166
612,183
613,146
614,184
615,110
616,26
617,127
618,173
619,5
620,32
621,19
622,76
623,123
624,97
625,114
626,67
627,138
628,87
629,8
630,102
631,189
632,21
633,14
634,22
635,155
636,36
637,100
638,77
639,47
640,25
641,16
642,177
643,144
644,193
645,14
646,72
647,3
648,2
649,199
650,24
651,70
652,72
653,22
654,71
655,68
656,95
657,27
658,74
659,22
660,64
661,95
662,81
663,118
664,174
665,55
666,152
667,117
668,2
669,62
670,155
671,183
672,192
673,94
674,183
675,132
676,40
677,171
678,195
679,10
680,40
681,49
682,85
683,20
684,187
685,180
686,51
687,92
688,125
689,70
690,19
691,14
692,190
693,147
694,190
695,158
696,186
697,38
698,158
699,76
700,47
701,65
702,186
703,13
704,96
705,53
706,161
707,169
708,91
709,22
710,90
711,59
712,170
713,97
714,155
715,73
716,100
717,164
718,101
719,168
720,175
721,6
722,127
723,191
724,194
725,84
726,14
727,149
728,151
729,85
730,92
731,92
732,46
733,173
734,85
735,8
736,82
737,72
738,57
739,84
740,74
741,131
742,113
743,0
744,88
745,182
746,68
747,67
748,159
749,125
750,156
751,133
752,153
753,169
754,191
755,61
756,90
757,104
758,99
759,196
760,75
761,16
762,159
763,3
764,144
765,53
766,36
767,153
768,113
769,55
770,71
771,168
772,178
773,90
774,104
775,67
776,29
777,43
778,123
779,3
780,134
781,156
782,164
783,100
784,166
785,49
786,113
787,88
788,144
789,62
790,170
791,166
792,164
793,40
794,149
795,191
796,79
797,89
798,115
799,45
800,172
801,97
802,34
803,79
804,20
805,14
806,129
807,144
808,153
809,95
810,136
811,195
812,128
813,138
814,118
815,142
816,143
817,169
818,129
819,82
820,156
821,83
822,45
823,52
824,14
825,39
826,110
827,151
828,55
829,90
830,187
831,86
832,108
833,190
834,169
835,65
836,178
837,143
838,51
839,17
840,182
841,11
842,10
843,82
844,104
845,175
846,159
847,198
848,93
849,158
850,152
851,102
852,81
853,106
854,195
855,199
856,175
857,83
858,62
859,78
860,181
861,78
862,191
863,11
864,10
865,114
866,148
867,11
868,55
869,85
870,84
871,103
872,96
873,192
874,123
875,13
876,176
877,10
878,33
879,150
880,190
881,138
882,0
883,31
884,36
885,49
886,13
887,182
888,4
889,107
890,59
891,181
892,32
893,183
894,60
895,31
896,193
897,29
898,141
899,161
900,172
901,104
902,55
903,75
904,46
905,97
906,151
907,76
908,64
909,179
910,123
911,111
912,105
913,65
914,194
915,8
916,54
917,74
918,188
919,184
920,193
921,30
922,193
923,101
924,63
925,120
926,6
927,32
928,2
929,196
930,148
931,170
932,121
933,1
934,199
935,78
936,111
937,82
938,172
939,25
940,135
941,130
942,37
943,59
944,1
945,50
946,131
947,33
948,47
949,5
950,126
951,92
952,19
953,59
954,122
955,199
956,76
957,70
958,23
959,30
960,21
961,29
962,151
963,41
964,47
965,59
966,80
967,74
968,29
969,74
970,149
971,113
972,130
973,158
974,27
975,195
976,62
977,18
978,86
979,6
980,31
981,148
982,81
983,55
984,175
985,61
986,110
987,149
988,49
989,66
990,4
991,184
992,42
993,124
994,77
995,118
996,71
997,141
998,173
999,8
1000,155
1001,147
1002,37
1003,68
1004,135
1005,15
1006,141
1007,93
1008,181
1009,197
1010,160
1011,68
1012,191
1013,53
1014,46
1015,176
1016,49
1017,5
1018,126
1019,188
1020,187
1021,74
1022,173
1023,9
1024,83
1025,187
1026,143
1027,0
1028,36
1029,52
1030,25
1031,109
1032,155
1033,31
1034,83
1035,176
1036,142
1037,137
1038,2
1039,139
1040,17
1041,45
1042,119
1043,149
1044,155
1045,197
1046,144
1047,159
1048,46
1049,22
1050,127
1051,192
1052,82
1053,139
1054,154
1055,2
1056,197
1057,9
1058,158
1059,119
1060,79
1061,67
1062,100
1063,4
1064,30
1065,41
1066,157
1067,175
1068,109
1069,54
1070,116
1071,125
1072,133
1073,3
1074,124
1075,73
1076,3
1077,175
1078,63
1079,108
1080,198
1081,11
1082,188
1083,169
1084,21
1085,61
1086,53
1087,164
1088,90
1089,175
1090,174
1091,158
1092,147
1093,139
1094,44
1095,21
1096,101
1097,66
1098,171
1099,77
1100,137
1101,191
1102,46
1103,40
1104,154
1105,138
1106,144
1107,17
1108,115
1109,0
1110,170
1111,38
1112,175
1113,99
1114,35
1115,147
1116,182
1117,139
1118,132
1119,109
1120,89
1121,39
1122,46
1123,38
1124,71
1125,194
1126,98
1127,76
1128,106
1129,181
1130,171
1131,87
1132,39
1133,21
1134,196
1135,41
1136,36
1137,124
1138,31
1139,89
1140,72
1141,185
1142,59
1143,13
1144,156
1145,198
1146,4
1147,131
1148,189
1149,75
1150,35
1151,120
1152,22
1153,28
1154,142
1155,16
1156,155
1157,95
1158,179
1159,95
1160,165
1161,139
1162,45
1163,166
1164,80
1165,135
1166,19
1167,113
1168,161
1169,65
1170,12
1171,29
1172,78
1173,90
1174,115
1175,40
1176,126
1177,26
1178,116
1179,147
1180,90
1181,162
1182,196
1183,184
1184,161
1185,32
1186,88
1187,43
1188,191
1189,27
1190,16
1191,186
1192,41
1193,145
1194,141
1195,198
1196,174
1197,194
1198,37
1199,12
1200,106
1201,65
1202,48
1203,42
1204,97
1205,69
1206,0
1207,120
1208,164
1209,4
1210,100
1211,90
1212,158
1213,152
1214,181
1215,97
1216,25
1217,159
1218,199
1219,102
1220,67
1221,7
1222,186
1223,48
1224,64
1225,67
1226,120
1227,112
1228,92
1229,10
1230,43
1231,100
1232,115
1233,49
1234,187
1235,22
1236,27
1237,119
1238,189
1239,150
1240,12
1241,61
1242,80
1243,51
1244,87
1245,85
1246,143
1247,8
1248,186
1249,27
1250,18
1251,34
1252,192
1253,133
1254,46
1255,6
1256,137
1257,114
1258,164
1259,109
1260,176
1261,69
1262,24
1263,90
1264,123
1265,42
1266,190
1267,178
1268,111
1269,123
1270,36
1271,60
1272,105
1273,68
1274,50
1275,101
1276,181
1277,60
1278,53
1279,154
1280,130
1281,117
1282,84
1283,197
1284,31
1285,78
1286,156
1287,91
1288,157
1289,57
1290,32
1291,56
1292,197
1293,188
1294,137
1295,182
1296,9
1297,139
1298,124
1299,79
1300,3
1301,75
1302,71
1303,65
1304,74
1305,63
1306,153
1307,81
1308,183
1309,108
1310,112
1311,122
1312,184
1313,183
1314,132
1315,62
1316,183
1317,159
1318,40
1319,18
1320,7
1321,27
1322,46
1323,179
1324,7
1325,45
1326,60
1327,42
1328,124
1329,80
1330,158
1331,10
1332,60
1333,1
1334,29
1335,107
1336,93
1337,27
1338,19
1339,47
1340,25
1341,6
1342,176
1343,157
1344,6
1345,176
1346,25
1347,104
1348,56
1349,170
1350,4
1351,128
1352,79
1353,60
1354,181
1355,4
1356,19
1357,183
1358,28
1359,44
1360,109
1361,181
1362,76
1363,114
1364,25
1365,91
1366,59
1367,151
1368,56
1369,9
1370,20
1371,167
1372,77
1373,37
1374,73
1375,45
1376,23
1377,12
1378,89
1379,58
1380,124
1381,105
1382,119
1383,79
1384,154
1385,21
1386,187
1387,182
1388,37
1389,147
1390,55
1391,151
1392,182
1393,140
1394,119
1395,4
1396,172
1397,40
1398,4
1399,169
1400,74
1401,134
1402,37
1403,132
1404,41
1405,21
1406,14
1407,62
1408,135
1409,166
1410,133
1411,48
1412,188
1413,67
1414,139
1415,133
1416,28
1417,146
1418,89
1419,85
1420,76
1421,60
1422,154
1423,25
1424,52
1425,69
1426,41
1427,32
1428,20
1429,199
1430,118
1431,90
1432,117
1433,99
1434,20
1435,38
1436,6
1437,151
1438,73
1439,116
1440,75
1441,173
1442,158
1443,151
1444,154
1445,190
1446,52
1447,129
1448,16
1449,145
1450,68
1451,103
1452,185
1453,1
1454,88
1455,133
1456,106
1457,3
1458,69
1459,29
1460,60
1461,138
1462,97
1463,74
1464,48
1465,143
1466,110
1467,61
1468,56
1469,22
1470,91
1471,162
1472,12
1473,128
1474,70
1475,189
1476,127
1477,124
1478,116
1479,60
1480,150
1481,41
1482,185
1483,131
1484,34
1485,161
1486,35
1487,163
1488,129
1489,161
1490,67
1491,101
1492,130
1493,67
1494,107
1495,30
1496,168
1497,83
1498,86
1499,96
1500,126
1501,13
1502,68
1503,151
1504,162
1505,51
1506,64
1507,140
1508,41
1509,188
1510,45
1511,50
1512,152
1513,58
1514,64
1515,155
1516,168
1517,43
1518,87
1519,19
1520,84
1521,174
1522,115
1523,52
1524,51
1525,105
1526,29
1527,11
1528,23
1529,24
1530,28
1531,186
1532,62
1533,160
1534,168
1535,114
1536,133
1537,121
1538,165
1539,168
1540,49
1541,22
1542,92
1543,14
1544,145
1545,142
1546,172
1547,168
1548,182
1549,187
1550,129
1551,15
1552,49
1553,119
1554,171
1555,6
1556,111
1557,19
1558,32
1559,59
1560,89
1561,153
1562,150
1563,63
1564,37
1565,48
1566,122
1567,50
1568,89
1569,28
1570,15
1571,83
1572,81
1573,172
1574,116
1575,84
1576,8
1577,159
1578,20
1579,95
1580,83
1581,127
1582,165
1583,21
1584,49
1585,194
1586,47
1587,12
1588,186
1589,8
1590,180
1591,68
1592,18
1593,50
1594,36
1595,21
1596,106
1597,92
1598,159
1599,59
1600,65
1601,110
1602,140
1603,170
1604,144
1605,99
1606,163
1607,68
1608,86
1609,117
1610,171
1611,42
1612,99
1613,167
1614,77
1615,182
1616,37
1617,56
1618,45
1619,14
1620,128
1621,198
1622,120
1623,174
1624,162
1625,133
1626,67
1627,181
1628,160
1629,128
1630,188
1631,11
1632,72
1633,72
1634,56
1635,161
1636,105
1637,6
1638,180
1639,146
1640,107
1641,71
1642,41
1643,117
1644,162
1645,174
1646,178
1647,187
1648,28
1649,161
1650,193
1651,182
1652,93
1653,134
1654,6
1655,172
1656,28
1657,24
1658,164
1659,156
1660,27
1661,130
1662,187
1663,136
1664,157
1665,27
1666,61
1667,136
1668,39
1669,62
1670,32
1671,75
1672,17
1673,60
1674,31
1675,142
1676,181
1677,79
1678,119
1679,106
1680,118
1681,86
1682,22
1683,128
1684,198
1685,20
1686,119
1687,156
1688,199
1689,190
1690,7
1691,184
1692,145
1693,153
1694,46
1695,180
1696,185
1697,1
1698,165
1699,57
1700,121
1701,183
1702,61
1703,54
1704,148
1705,78
1706,60
1707,35
1708,185
1709,98
1710,23
1711,60
1712,17
1713,12
1714,81
1715,138
1716,71
1717,32
1718,69
1719,186
1720,130
1721,29
1722,178
1723,80
1724,123
1725,72
1726,30
1727,46
1728,22
1729,130
1730,19
1731,94
1732,146
1733,165
1734,56
1735,128
1736,143
1737,51
1738,148
1739,167
1740,168
1741,0
1742,130
1743,190
1744,37
1745,172
1746,105
1747,106
1748,186
1749,84
1750,1
1751,23
1752,144
1753,68
1754,132
1755,187
1756,121
1757,58
1758,23
1759,116
1760,10
1761,33
1762,181
1763,136
1764,152
1765,73
1766,2
1767,63
1768,134
1769,91
1770,135
1771,114
1772,178
1773,189
1774,10
1775,15
1776,179
1777,74
1778,74
1779,105
1780,197
1781,184
1782,160
1783,96
1784,71
1785,131
1786,52
1787,83
1788,145
1789,193
1790,150
1791,95
1792,155
1793,38
1794,186
1795,85
1796,67
1797,117
1798,142
1799,122
1800,2
1801,7
1802,199
1803,129
1804,20
1805,84
1806,127
1807,147
1808,183
1809,154
1810,31
1811,49
1812,193
1813,48
1814,75
1815,51
1816,168
1817,21
1818,0
1819,136
1820,109
1821,34
1822,35
1823,126
1824,195
1825,86
1826,135
1827,123
1828,197
1829,66
1830,155
1831,16
1832,161
1833,96
1834,4
1835,81
1836,192
1837,101
1838,65
1839,69
1840,77
1841,189
1842,96
1843,107
1844,187
1845,177
1846,199
1847,88
1848,102
1849,167
1850,47
1851,90
1852,53
1853,13
1854,5
1855,145
1856,117
1857,132
1858,130
1859,158
1860,96
1861,21
1862,6
1863,44
1864,16
1865,119
1866,140
1867,85
1868,160
1869,197
1870,51
1871,37
1872,70
1873,166
1874,93
1875,165
1876,76
1877,91
1878,181
1879,167
1880,173
1881,104
1882,50
1883,199
1884,41
1885,112
1886,142
1887,172
1888,97
1889,154
1890,100
1891,166
1892,9
1893,40
1894,199
1895,30
1896,17
1897,52
1898,149
1899,34
1900,92
1901,96
1902,72
1903,86
1904,177
1905,96
1906,159
1907,190
1908,141
1909,135
1910,97
1911,195
1912,44
1913,152
1914,105
1915,142
1916,5
1917,91
1918,118
1919,57
1920,165
1921,40
1922,52
1923,127
1924,47
1925,170
1926,71
1927,140
1928,117
1929,99
1930,115
1931,75
1932,107
1933,123
1934,139
1935,112
1936,76
1937,189
1938,136
1939,188
1940,151
1941,195
1942,188
1943,75
1944,150
1945,29
1946,173
1947,149
1948,185
1949,168
1950,21
1951,165
1952,188
1953,1
1954,126
1955,41
1956,148
1957,141
1958,69
1959,43
1960,172
1961,15
1962,84
1963,33
1964,21
1965,190
1966,77
1967,98
1968,191
1969,102
1970,162
1971,192
1972,140
1973,81
1974,82
1975,5
1976,190
1977,73
1978,72
1979,163
1980,87
1981,140
1982,188
1983,117
1984,179
1985,82
1986,69
1987,154
1988,78
1989,70
1990,174
1991,92
1992,168
1993,109
1994,167
1995,92
1996,148
1997,15
1998,54
1999,166
2000,198
2001,59
2002,184
2003,42
2004,35
2005,39
2006,127
2007,2
2008,31
2009,84
2010,160
2011,20
2012,55
2013,107
2014,146
2015,183
2016,114
2017,42
2018,182
2019,180
2020,162
2021,106
2022,73
2023,184
2024,93
2025,127
2026,94
2027,68
2028,159
2029,177
2030,50
2031,7
2032,149
2033,76
2034,35
2035,104
2036,76
2037,138
2038,28
2039,47
2040,170
2041,39
2042,89
2043,182
2044,101
2045,139
2046,78
2047,148
2048,174
2049,125
2050,54
2051,31
2052,197
2053,115
2054,105
2055,138
2056,187
2057,19
2058,89
2059,162
2060,91
2061,98
2062,81
2063,38
2064,176
2065,116
2066,150
2067,38
2068,109
2069,9
2070,103
2071,121
2072,132
2073,51
2074,1
2075,143
2076,111
2077,42
2078,87
2079,82
2080,120
2081,86
2082,49
2083,3
2084,193
2085,146
2086,118
2087,45
2088,136
2089,27
2090,63
2091,55
2092,148
2093,175
2094,125
2095,40
2096,141
2097,129
2098,13
2099,192
2100,31
2101,167
2102,181
2103,0
2104,118
2105,165
2106,12
2107,153
2108,155
2109,120
2110,57
2111,175
2112,104
2113,17
2114,33
2115,1
2116,189
2117,37
2118,105
2119,96
2120,98
2121,1
2122,39
2123,15
2124,158
2125,185
2126,53
2127,196
2128,110
2129,146
2130,164
2131,196
2132,20
2133,103
2134,20
2135,153
2136,103
2137,160
2138,96
2139,33
2140,110
2141,57
2142,36
2143,26
2144,153
2145,157
2146,120
2147,75
2148,38
2149,133
2150,118
2151,134
2152,119
2153,39
2154,8
2155,53
2156,163
2157,191
2158,77
2159,148
2160,30
2161,108
2162,53
2163,183
2164,32
2165,48
2166,191
2167,58
2168,70
2169,17
2170,137
2171,140
2172,157
2173,52
2174,46
2175,54
2176,27
2177,13
2178,66
2179,55
2180,86
2181,23
2182,154
2183,196
2184,63
2185,132
2186,193
2187,117
2188,178
2189,19
2190,24
2191,144
2192,53
2193,197
2194,66
2195,116
2196,85
2197,135
2198,72
2199,59
2200,196
2201,106
2202,57
2203,131
2204,40
2205,136
2206,11
2207,125
2208,163
2209,112
2210,18
2211,185
2212,19
2213,121
2214,179
2215,50
2216,1
2217,82
2218,50
2219,59
2220,52
2221,34
2222,71
2223,109
2224,166
2225,2
2226,80
2227,0
2228,81
2229,189
2230,99
2231,78
2232,98
2233,81
2234,18
2235,179
2236,85
2237,197
2238,14
2239,27
2240,28
2241,61
2242,190
2243,105
2244,71
2245,115
2246,13
2247,97
2248,99
2249,112
2250,190
2251,102
2252,90
2253,71
2254,36
2255,55
2256,139
2257,63
2258,131
2259,84
2260,84
2261,33
2262,99
2263,152
2264,15
2265,127
2266,199
2267,73
2268,69
2269,101
2270,118
2271,158
2272,198
2273,34
2274,172
2275,118
2276,58
2277,169
2278,134
2279,175
2280,128
2281,185
2282,84
2283,42
2284,137
2285,142
2286,79
2287,167
2288,178
2289,143
2290,34
2291,165
2292,45
2293,93
2294,106
2295,157
2296,37
2297,192
2298,104
2299,46
2300,122
2301,32
2302,179
2303,2
2304,124
2305,43
2306,169
2307,156
2308,79
2309,63
2310,170
2311,56
2312,80
2313,150
2314,69
2315,169
2316,134
2317,66
2318,107
2319,38
2320,119
2321,82
2322,147
2323,43
2324,162
2325,114
2326,2
2327,133
2328,179
2329,31
2330,95
2331,126
2332,194
2333,65
2334,55
2335,29
2336,161
2337,2
2338,83
2339,88
2340,80
2341,105
2342,100
2343,158
2344,1
2345,171
2346,194
2347,162
2348,172
2349,176
2350,188
2351,80
2352,16
2353,40
2354,153
2355,32
2356,120
2357,99
2358,191
2359,173
2360,89
2361,138
2362,166
2363,167
2364,45
2365,152
2366,133
2367,100
2368,102
2369,14
2370,173
2371,34
2372,197
2373,160
2374,50
2375,191
2376,45
2377,142
2378,65
2379,142
2380,6
2381,46
2382,131
2383,104
2384,65
2385,120
2386,42
2387,50
2388,88
2389,77
2390,196
2391,192
2392,62
2393,94
2394,24
2395,4
2396,103
2397,54
2398,176
2399,89
2400,163
2401,114
2402,156
2403,122
2404,23
2405,92
2406,33
2407,196
2408,147
2409,182
2410,189
2411,74
2412,35
2413,155
2414,11
2415,73
2416,117
2417,106
2418,74
2419,174
2420,160
2421,36
2422,107
2423,98
2424,152
2425,97
2426,178
2427,126
2428,125
2429,71
2430,160
2431,103
2432,60
2433,154
2434,134
2435,100
2436,190
2437,30
2438,169
2439,11
2440,189
2441,75
2442,108
2443,95
2444,155
2445,90
2446,126
2447,96
2448,78
2449,136
2450,142
2451,189
2452,40
2453,135
2454,131
2455,111
2456,118
2457,110
2458,141
2459,142
2460,116
2461,180
2462,29
2463,34
2464,135
2465,79
2466,30
2467,198
2468,163
2469,31
2470,18
2471,58
2472,51
2473,133
2474,36
2475,66
2476,126
2477,137
2478,11
2479,10
2480,94
2481,8
2482,147
2483,44
2484,13
2485,73
2486,95
2487,57
2488,36
2489,185
2490,30
2491,156
2492,186
2493,152
2494,96
2495,108
2496,87
2497,25
2498,140
2499,78
2500,109
2501,156
2502,184
2503,177
2504,145
2505,37
2506,120
2507,48
2508,182
2509,8
2510,53
2511,126
2512,137
2513,106
2514,144
2515,133
2516,77
2517,68
2518,113
2519,50
2520,176
2521,119
2522,72
2523,195
2524,173
2525,1
2526,44
2527,71
2528,165
2529,64
2530,95
2531,146
2532,152
2533,7
2534,151
2535,96
2536,180
2537,18
2538,76
2539,133
2540,16
2541,191
2542,38
2543,145
2544,31
2545,11
2546,167
2547,194
2548,112
2549,77
2550,128
2551,21
2552,99
2553,150
2554,170
2555,153
2556,158
2557,90
2558,70
2559,34
2560,39
2561,104
2562,57
2563,138
2564,176
2565,24
2566,67
2567,74
2568,44
2569,119
2570,159
2571,195
2572,193
2573,2
2574,197
2575,112
2576,113
2577,42
2578,72
2579,199
2580,135
2581,62
2582,194
2583,146
2584,78
2585,128
2586,133
2587,3
2588,11
2589,98
2590,109
2591,140
2592,33
2593,76
2594,50
2595,141
2596,146
2597,72
2598,191
2599,100
2600,93
2601,39
2602,23
2603,110
2604,27
2605,52
2606,61
2607,5
2608,193
2609,58
2610,7
2611,39
2612,18
2613,47
2614,139
2615,43
2616,116
2617,157
2618,106
2619,172
2620,51
2621,129
2622,132
2623,52
2624,187
2625,138
2626,55
2627,112
2628,163
2629,10
2630,169
2631,62
2632,104
2633,82
2634,117
2635,20
2636,0
2637,10
2638,52
2639,87
2640,41
2641,171
2642,61
2643,122
2644,34
2645,163
2646,171
2647,72
2648,86
2649,58
2650,101
2651,167
2652,51
2653,18
2654,57
2655,138
2656,139
2657,41
2658,26
2659,102
2660,165
2661,112
2662,64
2663,121
2664,103
2665,28
2666,120
2667,58
2668,178
2669,14
2670,62
2671,20
2672,108
2673,53
2674,8
2675,42
2676,129
2677,132
2678,33
2679,179
2680,144
2681,24
2682,122
2683,81
2684,16
2685,153
2686,162
2687,62
2688,27
2689,86
2690,66
2691,7
2692,33
2693,164
2694,29
2695,114
2696,93
2697,189
2698,39
2699,162
2700,69
2701,177
2702,47
2703,0
2704,64
2705,131
2706,121
2707,86
2708,43
2709,180
2710,7
2711,41
2712,180
2713,99
2714,97
2715,15
2716,133
2717,152
2718,17
2719,180
2720,24
2721,22
2722,14
2723,145
2724,12
2725,67
2726,164
2727,106
2728,111
2729,134
2730,178
2731,73
2732,198
2733,17
2734,157
2735,32
2736,44
2737,95
2738,17
2739,137
2740,118
2741,101
2742,5
2743,48
2744,91
2745,103
2746,115
2747,53
2748,26
2749,115
2750,149
2751,166
2752,126
2753,163
2754,187
2755,88
2756,132
2757,78
2758,23
2759,7
2760,133
2761,83
2762,111
2763,125
2764,173
2765,30
2766,33
2767,90
2768,100
2769,185
2770,11
2771,53
2772,51
2773,81
2774,191
2775,174
2776,58
2777,166
2778,169
2779,108
2780,79
2781,49
2782,7
2783,189
2784,95
2785,50
2786,91
2787,129
2788,146
2789,26
2790,116
2791,177
2792,111
2793,126
2794,160
2795,175
2796,129
2797,155
2798,91
2799,144
2800,29
2801,71
2802,143
2803,46
2804,39
2805,92
2806,137
2807,15
2808,40
2809,109
2810,29
2811,185
2812,61
2813,41
2814,196
2815,4
2816,125
2817,20
2818,102
2819,136
2820,149
2821,185
2822,64
2823,173
2824,22
2825,32
2826,92
2827,189
2828,162
2829,17
2830,134
2831,188
2832,45
2833,121
2834,71
2835,179
2836,80
2837,163
2838,174
2839,199
2840,48
2841,193
2842,166
2843,157
2844,35
2845,3
2846,148
2847,107
2848,6
2849,99
2850,136
2851,132
2852,69
2853,13
2854,65
2855,23
2856,161
2857,193
2858,3
2859,173
2860,156
2861,141
2862,156
2863,122
2864,141
2865,74
2866,88
2867,161
2868,187
2869,172
2870,163
2871,115
2872,97
2873,164
2874,47
2875,94
2876,5
2877,110
2878,192
2879,85
2880,75
2881,92
2882,122
2883,149
2884,92
2885,82
2886,46
2887,162
2888,122
2889,177
2890,61
2891,42
2892,64
2893,127
2894,169
2895,151
2896,9
2897,38
2898,188
2899,41
2900,180
2901,97
2902,137
2903,140
2904,173
2905,73
2906,129
2907,104
2908,122
2909,26
2910,16
2911,174
2912,180
2913,118
2914,164
2915,84
2916,9
2917,35
2918,117
2919,115
2920,0
2921,46
2922,115
2923,162
2924,150
2925,1
2926,173
2927,44
2928,15
2929,54
2930,106
2931,85
2932,176
2933,91
2934,6
2935,17
2936,12
2937,181
2938,49
2939,8
2940,94
2941,30
2942,42
2943,24
2944,167
2945,22
2946,21
2947,47
2948,154
2949,154
2950,20
2951,95
2952,37
2953,88
2954,89
2955,57
2956,26
2957,73
2958,179
2959,183
2960,2
2961,146
2962,172
2963,98
2964,169
2965,70
2966,43
2967,99
2968,143
2969,80
2970,87
2971,187
2972,150
2973,14
2974,108
2975,105
2976,119
2977,183
2978,135
2979,12
2980,88
2981,110
2982,133
2983,164
2984,13
2985,182
2986,147
2987,186
2988,125
2989,87
2990,180
2991,115
2992,38
2993,61
2994,103
2995,136
2996,63
2997,67
2998,55
2999,121
3000,70
3001,145
3002,97
3003,121
3004,102
3005,157
3006,79
3007,128
3008,168
3009,18
3010,161
3011,174
3012,113
3013,89
3014,124
3015,186
3016,190
3017,48
3018,129
3019,132
3020,155
3021,147
3022,38
3023,178
3024,135
3025,24
3026,80
3027,83
3028,83
3029,140
3030,171
3031,57
3032,92
3033,12
3034,151
3035,75
3036,130
3037,124
3038,198
3039,160
3040,33
3041,198
3042,48
3043,24
3044,27
3045,28
3046,68
3047,52
3048,187
3049,137
3050,63
3051,112
3052,13
3053,86
3054,94
3055,28
3056,77
3057,110
3058,66
3059,75
3060,160
3061,19
3062,14
3063,111
3064,86
3065,153
3066,147
3067,119
3068,138
3069,106
3070,196
3071,63
3072,38
3073,197
3074,120
3075,108
3076,59
3077,70
3078,62
3079,191
3080,65
3081,107
3082,4
3083,112
3084,156
3085,135
3086,78
3087,147
3088,101
3089,178
3090,55
3091,163
3092,121
3093,70
3094,81
3095,130
3096,66
3097,23
3098,178
3099,4
3100,44
3101,70
3102,190
3103,116
3104,122
3105,55
3106,123
3107,66
3108,124
3109,33
3110,128
3111,171
3112,108
3113,126
3114,118
3115,98
3116,5
3117,91
3118,109
3119,130
3120,102
3121,116
3122,112
3123,197
3124,70
3125,125
3126,164
3127,173
3128,126
3129,15
3130,143
3131,117
3132,118
3133,81
3134,18
3135,51
3136,198
3137,171
3138,69
3139,154
3140,177
3141,43
3142,110
3143,150
3144,24
3145,68
3146,141
3147,124
3148,175
3149,185
3150,150
3151,82
3152,107
3153,157
3154,73
3155,136
3156,148
3157,21
3158,144
3159,101
3160,124
3161,98
3162,26
3163,36
3164,86
3165,110
3166,39
3167,71
3168,135
3169,114
3170,62
3171,24
3172,18
3173,117
3174,120
3175,72
3176,72
3177,75
3178,116
3179,105
3180,53
3181,168
3182,17
3183,181
3184,96
3185,145
3186,81
3187,35
3188,95
3189,87
3190,76
3191,154
3192,42
3193,59
3194,176
3195,102
3196,198
3197,101
3198,194
3199,58
3200,5
3201,48
3202,22
3203,61
3204,191
3205,10
3206,184
3207,177
3208,26
3209,33
3210,101
3211,86
3212,35
3213,54
3214,161
3215,83
3216,174
3217,88
3218,153
3219,89
3220,34
3221,185
3222,9
3223,112
3224,52
3225,140
3226,173
3227,147
3228,88
3229,124
3230,149
3231,170
3232,165
3233,175
3234,179
3235,120
3236,58
3237,158
3238,192
3239,55
3240,42
3241,195
3242,43
3243,186
3244,38
3245,108
3246,40
3247,52
3248,94
3249,68
3250,60
3251,131
3252,116
3253,150
3254,56
3255,68
3256,197
3257,54
3258,110
3259,170
3260,186
3261,77
3262,63
3263,135
3264,164
3265,26
3266,175
3267,140
3268,65
3269,94
3270,14
3271,129
3272,146
3273,197
3274,164
3275,103
3276,142
3277,146
3278,138
3279,98
3280,55
3281,114
3282,122
3283,184
3284,76
3285,54
3286,78
3287,195
3288,173
3289,42
3290,163
3291,39
3292,160
3293,42
3294,123
3295,153
3296,54
3297,5
3298,27
3299,160
3300,9
3301,26
3302,18
3303,141
3304,139
3305,128
3306,195
3307,157
3308,171
3309,184
3310,143
3311,19
3312,155
3313,69
3314,76
3315,188
3316,140
3317,8
3318,67
3319,83
3320,108
3321,191
3322,20
3323,190
3324,155
3325,172
3326,176
3327,50
3328,57
3329,16
3330,87
3331,19
3332,4
3333,52
3334,53
3335,165
3336,3
3337,37
3338,79
3339,41
3340,134
3341,142
3342,63
3343,11
3344,7
3345,7
3346,43
3347,124
3348,142
3349,49
3350,170
3351,186
3352,84
3353,25
3354,169
3355,127
3356,45
3357,88
3358,34
3359,36
3360,56
3361,145
3362,24
3363,161
3364,55
3365,192
3366,165
3367,196
3368,143
3369,128
3370,148
3371,43
3372,194
3373,134
3374,6
3375,10
3376,81
3377,46
3378,142
3379,78
3380,21
3381,67
3382,111
3383,28
3384,141
3385,99
3386,153
3387,114
3388,198
3389,116
3390,27
3391,15
3392,133
3393,58
3394,27
3395,139
3396,42
3397,154
3398,5
3399,122
3400,5
3401,136
3402,87
3403,28
3404,61
3405,7
3406,174
3407,192
3408,1
3409,67
3410,102
3411,121
3412,110
3413,89
3414,5
3415,193
3416,20
3417,143
3418,107
3419,171
3420,14
3421,8
3422,104
3423,145
3424,179
3425,2
3426,6
3427,9
3428,47
3429,148
3430,2
3431,13
3432,56
3433,193
3434,51
3435,125
3436,0
3437,132
3438,165
3439,102
3440,0
3441,161
3442,198
3443,134
3444,118
3445,174
3446,26
3447,187
3448,171
3449,176
3450,53
3451,105
3452,20
3453,45
3454,0
3455,80
3456,197
3457,67
3458,148
3459,145
3460,199
3461,128
3462,172
3463,186
3464,99
3465,190
3466,183
3467,50
3468,188
3469,19
3470,194
3471,2
3472,15
3473,57
3474,135
3475,73
3476,129
3477,88
3478,128
3479,196
3480,99
3481,176
3482,124
3483,185
3484,46
3485,78
3486,159
3487,126
3488,51
3489,184
3490,130
3491,14
3492,59
3493,58
3494,115
3495,106
3496,122
3497,87
3498,56
3499,46
3500,86
3501,177
3502,103
3503,105
3504,192
3505,31
3506,15
3507,26
3508,159
3509,72
3510,161
3511,123
3512,112
3513,103
3514,117
3515,40
3516,188
3517,8
3518,28
3519,93
3520,179
3521,15
3522,60
3523,117
3524,162
3525,157
3526,126
3527,125
3528,78
3529,120
3530,54
3531,168
3532,155
3533,3
3534,33
3535,93
3536,143
3537,43
3538,88
3539,161
3540,152
3541,115
3542,107
3543,91
3544,64
3545,152
3546,87
3547,20
3548,192
3549,169
3550,11
3551,8
3552,59
3553,48
3554,161
3555,102
3556,88
3557,84
3558,13
3559,32
3560,83
3561,107
3562,4
3563,176
3564,157
3565,57
3566,9
3567,169
3568,177
3569,61
3570,167
3571,177
3572,187
3573,196
3574,186
3575,197
3576,102
3577,56
3578,40
3579,186
3580,131
3581,175
3582,120
3583,150
3584,137
3585,113
3586,70
3587,170
3588,82
3589,44
3590,118
3591,98
3592,102
3593,156
3594,156
3595,178
3596,30
3597,138
3598,157
3599,40
3600,4
3601,94
3602,16
3603,124
3604,28
3605,199
3606,47
3607,41
3608,114
3609,82
3610,5
3611,142
3612,111
3613,194
3614,83
3615,110
3616,35
3617,128
3618,74
3619,18
3620,131
3621,66
3622,189
3623,65
3624,164
3625,47
3626,12
3627,60
3628,38
3629,37
3630,114
3631,44
3632,197
3633,23
3634,126
3635,80
3636,4
3637,121
3638,123
3639,137
3640,192
3641,122
3642,110
3643,56
3644,136
3645,129
3646,9
3647,138
3648,62
3649,33
3650,175
3651,10
3652,123
3653,179
3654,146
3655,189
3656,39
3657,11
3658,150
3659,166
3660,195
3661,163
3662,23
3663,61
3664,69
3665,59
3666,11
3667,23
3668,82
3669,82
3670,164
3671,116
3672,105
3673,89
3674,175
3675,13
3676,119
3677,21
3678,74
3679,51
3680,173
3681,56
3682,127
3683,72
3684,166
3685,83
3686,92
3687,141
3688,104
3689,77
3690,32
3691,145
3692,7
3693,31
3694,131
3695,150
3696,23
3697,195
3698,66
3699,30
3700,144
3701,74
3702,194
3703,132
3704,25
3705,48
3706,65
3707,66
3708,166
3709,127
3710,199
3711,132
3712,156
3713,123
3714,123
3715,108
3716,178
3717,103
3718,147
3719,95
3720,79
3721,124
3722,71
3723,131
3724,20
3725,114
3726,181
3727,152
3728,121
3729,120
3730,92
3731,27
3732,47
3733,127
3734,26
3735,116
3736,169
3737,193
3738,163
3739,26
3740,178
3741,167
3742,111
3743,110
3744,95
3745,133
3746,130
3747,109
3748,51
3749,71
3750,72
3751,150
3752,77
3753,103
3754,23
3755,152
3756,34
3757,130
3758,26
3759,144
3760,149
3761,170
3762,137
3763,18
3764,122
3765,38
3766,36
3767,25
3768,153
3769,185
3770,59
3771,101
3772,61
3773,59
3774,51
3775,35
3776,98
3777,45
3778,118
3779,149
3780,144
3781,92
3782,87
3783,110
3784,14
3785,44
3786,56
3787,93
3788,171
3789,127
3790,141
3791,32
3792,163
3793,85
3794,131
3795,70
3796,22
3797,93
3798,113
3799,15
3800,175
3801,33
3802,112
3803,91
3804,159
3805,44
3806,0
3807,23
3808,4
3809,182
3810,185
3811,22
3812,129
3813,85
3814,148
3815,143
3816,124
3817,181
3818,79
3819,185
3820,111
3821,149
3822,74
3823,38
3824,99
3825,94
3826,79
3827,80
3828,86
3829,185
3830,149
3831,68
3832,194
3833,37
3834,157
3835,153
3836,162
3837,19
3838,113
3839,69
3840,178
3841,11
3842,54
3843,134
3844,91
3845,76
3846,196
3847,144
3848,28
3849,146
3850,37
3851,52
3852,30
3853,196
3854,64
3855,92
3856,102
3857,84
3858,72
3859,47
3860,134
3861,111
3862,154
3863,95
3864,153
3865,55
3866,38
3867,17
3868,102
3869,198
3870,194
3871,108
3872,6
3873,8
3874,119
3875,106
3876,132
3877,111
3878,125
3879,184
3880,148
3881,184
3882,105
3883,130
3884,190
3885,52
3886,60
3887,181
3888,150
3889,16
3890,111
3891,48
3892,90
3893,75
3894,170
3895,40
3896,26
3897,42
3898,3
3899,34
3900,35
3901,136
3902,87
3903,168
3904,50
3905,52
3906,177
3907,181
3908,25
3909,168
3910,158
3911,147
3912,27
3913,44
3914,64
3915,114
3916,184
3917,113
3918,121
3919,165
3920,74
3921,100
3922,9
3923,13
3924,7
3925,169
3926,8
3927,157
3928,49
3929,31
3930,8
3931,193
3932,193
3933,98
3934,68
3935,96
3936,164
3937,41
3938,174
3939,65
3940,134
3941,63
3942,56
3943,43
3944,47
3945,85
3946,36
3947,123
3948,69
3949,142
3950,167
3951,4
3952,38
3953,145
3954,22
3955,182
3956,44
3957,147
3958,49
3959,137
3960,180
3961,54
3962,32
3963,77
3964,85
3965,180
3966,154
3967,135
3968,16
3969,151
3970,97
3971,83
3972,158
3973,167
3974,151
3975,144
3976,97
3977,3
3978,95
3979,10
3980,28
3981,34
3982,80
3983,29
3984,69
3985,73
3986,146
3987,30
3988,171
3989,109
3990,113
3991,123
3992,24
3993,100
3994,104
3995,78
3996,113
3997,131
3998,170
3999,63
4000,163
4001,104
4002,27
4003,148
4004,181
4005,22
4006,13
4007,44
4008,105
4009,185
4010,73
4011,16
4012,83
4013,181
4014,139
4015,3
4016,8
4017,38
4018,180
4019,31
4020,73
4021,14
4022,71
4023,157
4024,54
4025,170
4026,169
4027,62
4028,30
4029,189
4030,144
4031,94
4032,153
4033,138
4034,103
4035,67
4036,77
4037,99
4038,134
4039,122
4040,92
4041,43
4042,42
4043,135
4044,111
4045,124
4046,119
4047,122
4048,16
4049,63
4050,65
4051,197
4052,54
4053,175
4054,141
4055,168
4056,54
4057,25
4058,138
4059,7
4060,8
4061,41
4062,92
4063,151
4064,180
4065,188
4066,141
4067,131
4068,180
4069,167
4070,14
4071,102
4072,67
4073,155
4074,16
4075,85
4076,111
4077,169
4078,56
4079,39
4080,14
4081,141
4082,51
4083,98
4084,128
4085,49
4086,70
4087,185
4088,74
4089,189
4090,89
4091,180
4092,98
4093,36
4094,19
4095,187
4096,143
4097,18
4098,50
4099,153
4100,123
4101,175
4102,163
4103,80
4104,163
4105,36
4106,145
4107,141
4108,58
4109,178
4110,171
4111,180
4112,40
4113,147
4114,65
4115,90
4116,52
4117,126
4118,154
4119,155
4120,10
4121,148
4122,100
4123,185
4124,19
4125,20
4126,12
4127,111
4128,0
4129,67
4130,65
4131,143
4132,53
4133,23
4134,49
4135,99
4136,17
4137,81
4138,131
4139,187
4140,149
4141,68
4142,18
4143,103
4144,133
4145,152
4146,188
4147,99
4148,25
4149,128
4150,95
4151,182
4152,16
4153,91
4154,23
4155,113
4156,45
4157,84
4158,61
4159,195
4160,9
4161,21
4162,173
4163,131
4164,55
4165,136
4166,115
4167,126
4168,15
4169,56
4170,75
4171,59
4172,93
4173,105
4174,122
4175,196
4176,175
4177,96
4178,150
4179,102
4180,196
4181,113
4182,98
4183,130
4184,178
4185,151
4186,135
4187,156
4188,10
4189,119
4190,152
4191,2
4192,86
4193,186
4194,141
4195,140
4196,29
4197,92
4198,121
4199,108
4200,40
4201,23
4202,161
4203,91
4204,178
4205,174
4206,38
4207,155
4208,39
4209,26
4210,32
4211,151
4212,131
4213,107
4214,24
4215,104
4216,88
4217,55
4218,164
4219,4
4220,149
4221,193
4222,166
4223,88
4224,34
4225,28
4226,137
4227,123
4228,195
4229,25
4230,40
4231,186
4232,77
4233,140
4234,56
4235,83
4236,121
4237,124
4238,5
4239,109
4240,22
4241,29
4242,129
4243,90
4244,196
4245,77
4246,163
4247,195
4248,8
4249,15
4250,147
4251,116
4252,158
4253,137
4254,172
4255,67
4256,95
4257,178
4258,181
4259,190
4260,198
4261,98
4262,42
4263,82
4264,37
4265,14
4266,49
4267,77
4268,177
4269,18
4270,167
4271,100
4272,119
4273,45
4274,28
4275,117
4276,43
4277,110
4278,72
4279,176
4280,41
4281,35
4282,20
4283,0
4284,84
4285,1
4286,186
4287,186
4288,119
4289,173
4290,103
4291,123
4292,158
4293,50
4294,113
4295,149
4296,29
4297,52
4298,31
4299,165
4300,54
4301,132
4302,51
4303,8
4304,44
4305,1
4306,68
4307,112
4308,91
4309,88
4310,108
4311,10
4312,0
4313,80
4314,69
4315,40
4316,55
4317,163
4318,69
4319,194
4320,51
4321,87
4322,70
4323,16
4324,182
4325,40
4326,90
4327,127
4328,148
4329,21
4330,33
4331,72
4332,174
4333,195
4334,195
4335,43
4336,35
4337,36
4338,120
4339,56
4340,2
4341,140
4342,72
4343,28
4344,198
4345,155
4346,18
4347,121
4348,130
4349,167
4350,157
4351,147
4352,132
4353,199
4354,148
4355,149
4356,194
4357,155
4358,31
4359,41
4360,80
4361,175
4362,180
4363,164
4364,181
4365,134
4366,112
4367,80
4368,27
4369,88
4370,171
4371,45
4372,124
4373,34
4374,188
4375,147
4376,11
4377,144
4378,189
4379,197
4380,140
4381,46
4382,187
4383,4
4384,33
4385,35
4386,155
4387,188
4388,99
4389,101
4390,146
4391,23
4392,138
4393,157
4394,85
4395,128
4396,152
4397,54
4398,15
4399,13
4400,161
4401,127
4402,21
4403,27
4404,53
4405,34
4406,23
4407,129
4408,122
4409,108
4410,139
4411,117
4412,55
4413,49
4414,148
4415,152
4416,116
4417,108
4418,47
4419,112
4420,151
4421,25
4422,38
4423,62
4424,164
4425,34
4426,104
4427,76
4428,169
4429,163
4430,154
4431,189
4432,196
4433,103
4434,70
4435,93
4436,78
4437,137
4438,54
4439,95
4440,81
4441,2
4442,158
4443,82
4444,150
4445,118
4446,55
4447,39
4448,10
4449,125
4450,129
4451,21
4452,172
4453,137
4454,191
4455,33
4456,150
4457,33
4458,151
4459,169
4460,66
4461,66
4462,38
4463,145
4464,8
4465,80
4466,25
4467,14
4468,182
4469,134
4470,129
4471,154
4472,188
4473,123
4474,172
4475,89
4476,75
4477,125
4478,43
4479,104
4480,89
4481,182
4482,114
4483,131
4484,11
4485,129
4486,46
4487,127
4488,184
4489,63
4490,120
4491,186
4492,97
4493,57
4494,129
4495,137
4496,153
4497,86
4498,94
4499,45
4500,36
4501,86
4502,196
4503,65
4504,11
4505,0
4506,48
4507,95
4508,108
4509,71
4510,75
4511,155
4512,131
4513,151
4514,159
4515,186
4516,172
4517,161
4518,12
4519,16
4520,13
4521,65
4522,85
4523,177
4524,14
4525,120
4526,191
4527,39
4528,175
4529,35
4530,166
4531,40
4532,137
4533,0
4534,130
4535,111
4536,122
4537,104
4538,149
4539,94
4540,56
4541,58
4542,67
4543,15
4544,161
4545,165
4546,56
4547,48
4548,44
4549,57
4550,158
4551,77
4552,48
4553,49
4554,146
4555,79
4556,26
4557,137
4558,164
4559,164
4560,116
4561,53
4562,140
4563,113
4564,33
4565,176
4566,74
4567,133
4568,80
4569,58
4570,81
4571,194
4572,11
4573,155
4574,105
4575,85
4576,18
4577,158
4578,18
4579,22
4580,136
4581,38
4582,159
4583,169
4584,96
4585,177
4586,183
4587,146
4588,21
4589,64
4590,63
4591,81
4592,143
4593,16
4594,106
4595,159
4596,91
4597,69
4598,159
4599,72
4600,115
4601,188
4602,171
4603,192
4604,3
4605,112
4606,103
4607,9
4608,177
4609,116
4610,53
4611,136
4612,154
4613,10
4614,78
4615,112
4616,76
4617,17
4618,143
4619,167
4620,30
4621,189
4622,108
4623,169
4624,18
4625,66
4626,58
4627,181
4628,26
4629,41
4630,50
4631,138
4632,135
4633,41
4634,30
4635,147
4636,82
4637,189
4638,77
4639,146
4640,32
4641,145
4642,192
4643,94
4644,3
4645,91
4646,10
4647,158
4648,52
4649,179
4650,98
4651,34
4652,179
4653,148
4654,23
4655,68
4656,45
4657,132
4658,150
4659,80
4660,131
4661,98
4662,100
4663,17
4664,61
4665,185
4666,84
4667,83
4668,3
4669,78
4670,90
4671,105
4672,178
4673,99
4674,51
4675,199
4676,23
4677,139
4678,65
4679,114
4680,68
4681,9
4682,83
4683,46
4684,170
4685,118
4686,75
4687,21
4688,138
4689,44
4690,189
4691,114
4692,147
4693,198
4694,101
4695,42
4696,175
4697,63
4698,19
4699,33
4700,145
4701,185
4702,39
4703,64
4704,199
4705,141
4706,183
4707,105
4708,56
4709,139
4710,77
4711,99
4712,118
4713,145
4714,140
4715,20
4716,62
4717,153
4718,142
4719,113
4720,76
4721,1
4722,156
4723,7
4724,8
4725,156
4726,150
4727,1
4728,112
4729,155
4730,120
4731,18
4732,140
4733,128
4734,91
4735,178
4736,69
4737,141
4738,25
4739,188
4740,141
4741,94
4742,161
4743,165
4744,14
4745,36
4746,11
4747,20
4748,128
4749,190
4750,53
4751,164
4752,62
4753,41
4754,196
4755,48
4756,129
4757,168
4758,198
4759,109
4760,84
4761,166
4762,13
4763,141
4764,192
4765,3
4766,16
4767,6
4768,84
4769,194
4770,37
4771,97
4772,141
4773,166
4774,34
4775,124
4776,170
4777,120
4778,45
4779,28
4780,7
4781,117
4782,75
4783,191
4784,21
4785,160
4786,85
4787,77
4788,27
4789,193
4790,149
4791,12
4792,58
4793,15
4794,150
4795,34
4796,140
4797,115
4798,83
4799,64
4800,165
4801,176
4802,169
4803,168
4804,97
4805,87
4806,103
4807,43
4808,99
4809,27
4810,52
4811,46
4812,53
4813,68
4814,111
4815,100
4816,103
4817,22
4818,59
4819,31
4820,5
4821,9
4822,32
4823,4
4824,59
4825,35
4826,2
4827,166
4828,194
4829,71
4830,128
4831,183
4832,119
4833,26
4834,58
4835,199
4836,2
4837,66
4838,80
4839,196
4840,106
4841,126
4842,194
4843,70
4844,131
4845,24
4846,173
4847,148
4848,68
4849,199
4850,132
4851,58
4852,35
4853,193
4854,97
4855,126
4856,126
4857,25
4858,176
4859,173
4860,60
4861,101
4862,156
4863,104
4864,115
4865,117
4866,109
4867,166
4868,196
4869,59
4870,101
4871,87
4872,127
4873,120
4874,66
4875,67
4876,34
4877,24
4878,71
4879,194
4880,68
4881,12
4882,195
4883,120
4884,154
4885,18
4886,11
4887,125
4888,74
4889,179
4890,44
4891,15
4892,184
4893,91
4894,198
4895,176
4896,189
4897,179
4898,44
4899,143
4900,48
4901,199
4902,48
4903,126
4904,82
4905,170
4906,92
4907,148
4908,133
4909,78
4910,93
4911,66
4912,109
4913,142
4914,65
4915,147
4916,174
4917,22
4918,60
4919,40
4920,164
4921,48
4922,60
4923,4
4924,121
4925,108
4926,132
4927,8
4928,141
4929,152
4930,166
4931,189
4932,138
4933,130
4934,190
4935,140
4936,12
4937,182
4938,136
4939,116
4940,109
4941,161
4942,25
4943,105
4944,152
4945,120
4946,152
4947,175
4948,107
4949,174
4950,142
4951,194
4952,96
4953,74
4954,55
4955,96
4956,126
4957,197
4958,185
4959,51
4960,189
4961,186
4962,108
4963,161
4964,92
4965,6
4966,162
4967,129
4968,120
4969,157
4970,176
4971,145
4972,79
4973,14
4974,189
4975,152
4976,165
4977,65
4978,151
4979,134
4980,18
4981,173
4982,147
4983,155
4984,53
4985,192
4986,144
4987,116
4988,6
4989,108
4990,111
4991,128
4992,165
4993,61
4994,118
4995,91
4996,171
4997,46
4998,9
4999,2
5000,68
5001,113
5002,187
5003,174
5004,13
5005,65
5006,126
5007,25
5008,35
5009,178
5010,161
5011,133
5012,163
5013,109
5014,94
5015,136
5016,151
5017,69
5018,179
5019,95
5020,191
5021,124
5022,19
5023,65
5024,170
5025,29
5026,59
5027,89
5028,98
5029,70
5030,16
5031,149
5032,81
5033,98
5034,74
5035,162
5036,134
5037,130
5038,19
5039,45
5040,196
5041,61
5042,132
5043,19
5044,156
5045,173
5046,175
5047,85
5048,81
5049,145
5050,67
5051,125
5052,9
5053,108
5054,102
5055,170
5056,70
5057,193
5058,70
5059,182
5060,37
5061,130
5062,70
5063,7
5064,107
5065,43
5066,195
5067,113
5068,171
5069,23
5070,126
5071,81
5072,175
5073,136
5074,9
5075,29
5076,38
5077,139
5078,123
5079,179
5080,94
5081,115
5082,8
5083,27
5084,61
5085,3
5086,149
5087,93
5088,136
5089,75
5090,24
5091,132
5092,174
5093,76
5094,137
5095,19
5096,3
5097,197
5098,197
5099,119
5100,138
5101,22
5102,147
5103,2
5104,23
5105,194
5106,19
5107,6
5108,12
5109,187
5110,72
5111,180
5112,9
5113,48
5114,169
5115,126
5116,103
5117,36
5118,161
5119,146
5120,93
5121,28
5122,46
5123,18
5124,103
5125,42
5126,192
5127,10
5128,152
5129,26
5130,47
5131,119
5132,24
5133,97
5134,124
5135,190
5136,71
5137,172
5138,108
5139,160
5140,143
5141,143
5142,35
5143,42
5144,81
5145,26
5146,22
5147,134
5148,14
5149,41
5150,141
5151,3
5152,113
5153,92
5154,158
5155,187
5156,143
5157,134
5158,50
5159,1
5160,84
5161,195
5162,185
5163,130
5164,158
5165,104
5166,155
5167,174
5168,124
5169,44
5170,2
5171,100
5172,109
5173,56
5174,100
5175,140
5176,149
5177,57
5178,87
5179,4
5180,190
5181,36
5182,112
5183,14
5184,25
5185,156
5186,32
5187,60
5188,42
5189,30
5190,135
5191,133
5192,45
5193,36
5194,114
5195,31
5196,26
5197,177
5198,48
5199,184
5200,145
5201,34
5202,41
5203,161
5204,58
5205,173
5206,168
5207,104
5208,104
5209,71
5210,76
5211,17
5212,77
5213,183
5214,48
5215,28
5216,81
5217,121
5218,86
5219,13
5220,41
5221,115
5222,120
5223,139
5224,122
5225,48
5226,153
5227,66
5228,139
5229,85
5230,87
5231,27
5232,30
5233,113
5234,30
5235,170
5236,93
5237,2
5238,39
5239,171
5240,48
5241,46
5242,155
5243,56
5244,138
5245,174
5246,162
5247,66
5248,99
5249,136
5250,79
5251,191
5252,114
5253,159
5254,122
5255,73
5256,192
5257,19
5258,39
5259,178
5260,192
5261,182
5262,140
5263,20
5264,171
5265,79
5266,134
5267,169
5268,167
5269,31
5270,2
5271,29
5272,19
5273,166
5274,60
5275,50
5276,29
5277,164
5278,95
5279,141
5280,34
5281,145
5282,117
5283,170
5284,26
5285,156
5286,109
5287,141
5288,133
5289,69
5290,38
5291,113
5292,126
5293,86
5294,183
5295,65
5296,146
5297,143
5298,189
5299,181
5300,131
5301,93
5302,54
5303,92
5304,35
5305,64
5306,147
5307,166
5308,197
5309,146
5310,50
5311,17
5312,76
5313,59
5314,83
5315,33
5316,37
5317,139
5318,11
5319,87
5320,61
5321,30
5322,150
5323,10
5324,171
5325,50
5326,3
5327,189
5328,118
5329,49
5330,31
5331,15
5332,110
5333,76
5334,150
5335,182
5336,6
5337,120
5338,193
5339,187
5340,67
5341,32
5342,181
5343,12
5344,151
5345,111
5346,0
5347,117
5348,23
5349,45
5350,24
5351,199
5352,129
5353,32
5354,159
5355,110
5356,132
5357,112
5358,107
5359,6
5360,153
5361,51
5362,121
5363,180
5364,97
5365,76
5366,109
5367,52
5368,77
5369,35
5370,111
5371,116
5372,37
5373,127
5374,179
5375,40
5376,56
5377,165
5378,8
5379,66
5380,41
5381,60
5382,51
5383,30
5384,100
5385,111
5386,167
5387,182
5388,126
5389,95
5390,66
5391,126
5392,13
5393,49
5394,160
5395,103
5396,43
5397,21
5398,127
5399,190
5400,130
5401,40
5402,152
5403,97
5404,183
5405,117
5406,195
5407,191
5408,9
5409,90
5410,21
5411,166
5412,86
5413,161
5414,167
5415,107
5416,170
5417,28
5418,90
5419,69
5420,98
5421,94
5422,165
5423,83
5424,191
5425,168
5426,81
5427,25
5428,19
5429,121
5430,119
5431,51
5432,160
5433,131
5434,68
5435,46
5436,136
5437,169
5438,7
5439,95
5440,170
5441,110
5442,67
5443,189
5444,6
5445,125
5446,62
5447,7
5448,59
5449,110
5450,89
5451,102
5452,158
5453,92
5454,87
5455,106
5456,128
5457,95
5458,39
5459,83
5460,48
5461,75
5462,40
5463,85
5464,130
5465,89
5466,128
5467,160
5468,130
5469,91
5470,23
5471,24
5472,28
5473,49
5474,71
5475,191
5476,59
5477,61
5478,62
5479,1
5480,52
5481,45
5482,46
5483,156
5484,187
5485,134
5486,131
5487,106
5488,155
5489,22
5490,77
5491,64
5492,22
5493,68
5494,125
5495,36
5496,199
5497,63
5498,124
5499,179
5500,158
5501,91
5502,165
5503,188
5504,159
5505,61
5506,104
5507,86
5508,101
5509,185
5510,113
5511,192
5512,123
5513,159
5514,11
5515,154
5516,45
5517,57
5518,105
5519,59
5520,75
5521,111
5522,112
5523,95
5524,182
5525,70
5526,99
5527,99
5528,55
5529,175
5530,197
5531,72
5532,53
5533,193
5534,193
5535,74
5536,52
5537,7
5538,81
5539,146
5540,52
5541,106
5542,188
5543,94
5544,41
5545,150
5546,86
5547,190
5548,102
5549,83
5550,134
5551,15
5552,29
5553,68
5554,130
5555,176
5556,22
5557,26
5558,113
5559,155
5560,152
5561,87
5562,54
5563,62
5564,57
5565,180
5566,111
5567,161
5568,177
5569,93
5570,9
5571,95
5572,167
5573,139
5574,24
5575,106
5576,4
5577,124
5578,77
5579,157
5580,134
5581,88
5582,138
5583,40
5584,136
5585,3
5586,31
5587,192
5588,133
5589,155
5590,35
5591,2
5592,121
5593,39
5594,24
5595,116
5596,62
5597,18
5598,86
5599,154
5600,94
5601,124
5602,173
5603,50
5604,60
5605,62
5606,124
5607,33
5608,164
5609,186
5610,187
5611,112
5612,155
5613,127
5614,98
5615,20
5616,21
5617,155
5618,0
5619,125
5620,92
5621,129
5622,17
5623,82
5624,144
5625,26
5626,186
5627,67
5628,97
5629,106
5630,197
5631,164
5632,70
5633,87
5634,42
5635,145
5636,162
5637,196
5638,91
5639,47
5640,196
5641,177
5642,117
5643,86
5644,144
5645,123
5646,65
5647,142
5648,135
5649,89
5650,56
5651,43
5652,1
5653,110
5654,105
5655,67
5656,168
5657,143
5658,105
5659,116
5660,117
5661,139
5662,144
5663,43
5664,102
5665,190
5666,36
5667,182
5668,128
5669,79
5670,133
5671,44
5672,51
5673,88
5674,187
5675,149
5676,127
5677,69
5678,78
5679,76
5680,12
5681,150
5682,13
5683,25
5684,169
5685,198
5686,23
5687,183
5688,180
5689,153
5690,171
5691,8
5692,102
5693,105
5694,20
5695,47
5696,198
5697,26
5698,62
5699,108
5700,1
5701,89
5702,71
5703,178
5704,169
5705,107
5706,128
5707,11
5708,136
5709,14
5710,7
5711,10
5712,160
5713,157
5714,51
5715,46
5716,122
5717,197
5718,139
5719,119
5720,1
5721,36
5722,63
5723,11
5724,36
5725,175
5726,55
5727,72
5728,119
5729,47
5730,42
5731,11
5732,158
5733,182
5734,91
5735,169
5736,136
5737,94
5738,185
5739,171
5740,150
5741,1
5742,28
5743,151
5744,73
5745,44
5746,163
5747,133
5748,86
5749,66
5750,140
5751,29
5752,152
5753,168
5754,156
5755,7
5756,94
5757,19
5758,132
5759,144
5760,47
5761,180
5762,156
5763,138
5764,6
5765,185
5766,22
5767,13
5768,97
5769,42
5770,144
5771,63
5772,167
5773,122
5774,21
5775,110
5776,28
5777,188
5778,180
5779,186
5780,135
5781,168
5782,121
5783,32
5784,142
5785,82
5786,20
5787,183
5788,195
5789,92
5790,57
5791,12
5792,43
5793,61
5794,72
5795,108
5796,93
5797,63
5798,167
5799,30
5800,2
5801,122
5802,147
5803,60
5804,124
5805,174
5806,80
5807,164
5808,18
5809,85
5810,143
5811,197
5812,44
5813,128
5814,181
5815,12
5816,171
5817,144
5818,13
5819,172
5820,81
5821,84
5822,8
5823,156
5824,40
5825,147
5826,160
5827,80
5828,3
5829,42
5830,19
5831,191
5832,112
5833,80
5834,101
5835,55
5836,190
5837,57
5838,16
5839,74
5840,38
5841,56
5842,175
5843,29
5844,13
5845,54
5846,33
5847,133
5848,172
5849,110
5850,71
5851,29
5852,12
5853,121
5854,55
5855,112
5856,83
5857,39
5858,31
5859,178
5860,32
5861,96
5862,2
5863,95
5864,70
5865,9
5866,192
5867,77
5868,60
5869,102
5870,165
5871,4
5872,23
5873,78
5874,148
5875,21
5876,173
5877,47
5878,84
5879,115
5880,178
5881,35
5882,111
5883,29
5884,87
5885,125
5886,146
5887,96
5888,146
5889,145
5890,84
5891,23
5892,159
5893,35
5894,53
5895,182
5896,85
5897,90
5898,133
5899,39
5900,30
5901,131
5902,118
5903,4
5904,124
5905,46
5906,119
5907,87
5908,143
5909,38
5910,156
5911,163
5912,159
5913,145
5914,84
5915,31
5916,183
5917,90
5918,49
5919,198
5920,64
5921,116
5922,135
5923,76
5924,114
5925,31
5926,62
5927,112
5928,149
5929,110
5930,129
5931,199
5932,173
5933,10
5934,138
5935,69
5936,181
5937,140
5938,78
5939,22
5940,174
5941,24
5942,14
5943,170
5944,100
5945,182
5946,131
5947,61
5948,151
5949,150
5950,91
5951,123
5952,10
5953,58
5954,79
5955,193
5956,31
5957,130
5958,54
5959,32
5960,172
5961,6
5962,164
5963,88
5964,49
5965,148
5966,119
5967,9
5968,47
5969,72
5970,195
5971,145
5972,105
5973,141
5974,58
5975,183
5976,56
5977,97
5978,20
5979,127
5980,175
5981,88
5982,168
5983,138
5984,91
5985,64
5986,141
5987,95
5988,13
5989,17
5990,71
5991,76
5992,102
5993,165
5994,4
5995,106
5996,197
5997,55
5998,162
5999,149
6000,153
6001,37
6002,163
6003,50
6004,114
6005,147
6006,73
6007,35
6008,179
6009,190
6010,124
6011,15
6012,80
6013,181
6014,167
6015,13
6016,145
6017,154
6018,187
6019,178
6020,22
6021,108
6022,97
6023,76
6024,105
6025,116
6026,64
6027,141
6028,172
6029,106
6030,61
6031,119
6032,15
6033,87
6034,114
6035,50
6036,150
6037,109
6038,73
6039,68
6040,15
6041,15
6042,63
6043,74
6044,151
6045,130
6046,45
6047,53
6048,5
6049,183
6050,67
6051,174
6052,104
6053,38
6054,170
6055,82
6056,157
6057,59
6058,78
6059,63
6060,118
6061,141
6062,18
6063,100
6064,176
6065,60
6066,80
6067,196
6068,185
6069,127
6070,37
6071,94
6072,52
6073,157
6074,70
6075,93
6076,95
6077,13
6078,140
6079,175
6080,163
6081,161
6082,157
6083,146
6084,188
6085,199
6086,79
6087,3
6088,73
6089,128
6090,193
6091,138
6092,153
6093,45
6094,146
6095,2
6096,5
6097,28
6098,184
6099,130
6100,181
6101,162
6102,192
6103,146
6104,90
6105,175
6106,83
6107,135
6108,80
6109,197
6110,54
6111,128
6112,26
6113,106
6114,170
6115,80
6116,197
6117,25
6118,176
6119,56
6120,157
6121,176
6122,184
6123,2
6124,14
6125,183
6126,29
6127,83
6128,6
6129,46
6130,121
6131,38
6132,153
6133,117
6134,14
6135,113
6136,50
6137,11
6138,98
6139,109
6140,178
6141,28
6142,140
6143,131
6144,53
6145,174
6146,106
6147,128
6148,68
6149,144
6150,148
6151,94
6152,145
6153,27
6154,6
6155,26
6156,148
6157,82
6158,160
6159,102
6160,160
6161,74
6162,110
6163,33
6164,177
6165,188
6166,158
6167,35
6168,33
6169,16
6170,160
6171,32
6172,108
6173,111
6174,162
6175,158
6176,79
6177,11
6178,85
6179,198
6180,123
6181,92
6182,157
6183,4
6184,161
6185,17
6186,107
6187,167
6188,58
6189,197
6190,17
6191,102
6192,97
6193,58
6194,150
6195,36
6196,121
6197,0
6198,47
6199,15
6200,37
6201,85
6202,18
6203,69
6204,192
6205,77
6206,31
6207,73
6208,116
6209,111
6210,95
6211,2
6212,141
6213,46
6214,38
6215,181
6216,178
6217,123
6218,100
6219,116
6220,76
6221,128
6222,98
6223,15
6224,7
6225,132
6226,166
6227,7
6228,168
6229,109
6230,45
6231,57
6232,3
6233,134
6234,179
6235,139
6236,182
6237,103
6238,77
6239,122
6240,92
6241,99
6242,152
6243,137
6244,130
6245,129
6246,30
6247,41
6248,57
6249,30
6250,124
6251,74
6252,50
6253,46
6254,46
6255,197
6256,125
6257,199
6258,96
6259,86
6260,52
6261,124
6262,187
6263,110
6264,179
6265,4
6266,198
6267,70
6268,16
6269,33
6270,143
6271,89
6272,198
6273,121
6274,41
6275,160
6276,167
6277,120
6278,38
6279,132
6280,139
6281,125
6282,73
6283,101
6284,115
6285,50
6286,153
6287,51
6288,179
6289,105
6290,101
6291,85
6292,49
6293,193
6294,44
6295,144
6296,184
6297,5
6298,3
6299,117
6300,74
6301,59
6302,122
6303,115
6304,102
6305,179
6306,97
6307,57
6308,112
6309,190
6310,188
6311,37
6312,116
6313,93
6314,42
6315,94
6316,12
6317,127
6318,142
6319,64
6320,199
6321,22
6322,57
6323,42
6324,81
6325,12
6326,52
6327,192
6328,4
6329,21
6330,154
6331,21
6332,96
6333,191
6334,144
6335,33
6336,75
6337,26
6338,98
6339,69
6340,30
6341,123
6342,118
6343,175
6344,157
6345,43
6346,28
6347,185
6348,77
6349,137
6350,143
6351,79
6352,175
6353,70
6354,94
6355,91
6356,145
6357,40
6358,4
6359,66
6360,185
6361,99
6362,18
6363,92
6364,190
6365,174
6366,146
6367,1
6368,33
6369,37
6370,25
6371,150
6372,199
6373,50
6374,69
6375,59
6376,82
6377,129
6378,117
6379,177
6380,186
6381,12
6382,4
6383,116
6384,73
6385,68
6386,1
6387,192
6388,123
6389,30
6390,16
6391,124
6392,53
6393,27
6394,43
6395,42
6396,172
6397,35
6398,122
6399,121
6400,178
6401,180
6402,118
6403,129
6404,184
6405,120
6406,33
6407,38
6408,46
6409,13
6410,95
6411,47
6412,160
6413,183
6414,125
6415,75
6416,74
6417,101
6418,96
6419,29
6420,37
6421,81
6422,11
6423,5
6424,109
6425,142
6426,164
6427,109
6428,110
6429,54
6430,79
6431,142
6432,150
6433,81
6434,130
6435,145
6436,52
6437,71
6438,123
6439,53
6440,60
6441,153
6442,160
6443,36
6444,172
6445,181
6446,74
6447,121
6448,66
6449,100
6450,70
6451,85
6452,24
6453,133
6454,75
6455,160
6456,26
6457,79
6458,78
6459,27
6460,69
6461,92
6462,12
6463,79
6464,87
6465,26
6466,49
6467,28
6468,145
6469,43
6470,119
6471,101
6472,33
6473,102
6474,40
6475,175
6476,134
6477,160
6478,191
6479,121
6480,162
6481,179
6482,127
6483,190
6484,24
6485,173
6486,186
6487,147
6488,39
6489,11
6490,61
6491,135
6492,49
6493,122
6494,22
6495,154
6496,3
6497,91
6498,66
6499,32
6500,158
6501,128
6502,106
6503,57
6504,192
6505,90
6506,100
6507,48
6508,182
6509,199
6510,105
6511,84
6512,7
6513,184
6514,98
6515,141
6516,89
6517,0
6518,159
6519,62
6520,99
6521,104
6522,180
6523,103
6524,78
6525,119
6526,192
6527,96
6528,142
6529,119
6530,69
6531,191
6532,86
6533,177
6534,49
6535,15
6536,184
6537,130
6538,154
6539,193
6540,78
6541,159
6542,168
6543,110
6544,5
6545,52
6546,195
6547,181
6548,93
6549,13
6550,143
6551,188
6552,74
6553,102
6554,101
6555,100
6556,103
6557,73
6558,134
6559,104
6560,68
6561,191
6562,24
6563,73
6564,21
6565,188
6566,169
6567,166
6568,194
6569,55
6570,106
6571,74
6572,96
6573,156
6574,135
6575,74
6576,106
6577,67
6578,82
6579,27
6580,60
6581,105
6582,128
6583,33
6584,61
6585,73
6586,134
6587,136
6588,105
6589,56
6590,196
6591,6
6592,184
6593,177
6594,8
6595,129
6596,179
6597,137
6598,87
6599,96
6600,101
6601,90
6602,165
6603,0
6604,71
6605,34
6606,34
6607,48
6608,195
6609,10
6610,102
6611,54
6612,100
6613,26
6614,94
6615,90
6616,132
6617,73
6618,132
6619,156
6620,128
6621,1
6622,32
6623,88
6624,56
6625,81
6626,43
6627,155
6628,5
6629,188
6630,65
6631,54
6632,188
6633,44
6634,24
6635,16
6636,131
6637,69
6638,152
6639,79
6640,92
6641,89
6642,100
6643,122
6644,135
6645,68
6646,170
6647,125
6648,189
6649,132
6650,3
6651,195
6652,171
6653,50
6654,86
6655,59
6656,170
6657,96
6658,134
6659,165
6660,182
6661,30
6662,174
6663,129
6664,100
6665,177
6666,20
6667,38
6668,114
6669,139
6670,111
6671,173
6672,126
6673,112
6674,164
6675,76
6676,75
6677,37
6678,137
6679,176
6680,78
6681,75
6682,185
6683,75
6684,98
6685,65
6686,152
6687,56
6688,168
6689,20
6690,77
6691,72
6692,19
6693,31
6694,47
6695,108
6696,85
6697,16
6698,144
6699,99
6700,111
6701,173
6702,6
6703,162
6704,116
6705,144
6706,127
6707,168
6708,0
6709,115
6710,17
6711,64
6712,180
6713,154
6714,69
6715,88
6716,36
6717,3
6718,2
6719,167
6720,146
6721,85
6722,125
6723,37
6724,61
6725,30
6726,103
6727,44
6728,20
6729,147
6730,152
6731,48
6732,142
6733,153
6734,25
6735,168
6736,39
6737,101
6738,43
6739,118
6740,122
6741,38
6742,183
6743,49
6744,107
6745,24
6746,93
6747,186
6748,119
6749,24
6750,21
6751,10
6752,88
6753,117
6754,65
6755,78
6756,132
6757,32
6758,65
6759,89
6760,132
6761,92
6762,45
6763,61
6764,187
6765,184
6766,53
6767,106
6768,34
6769,24
6770,170
6771,162
6772,53
6773,59
6774,120
6775,197
6776,0
6777,130
6778,161
6779,58
6780,5
6781,32
6782,50
6783,13
6784,125
6785,106
6786,166
6787,47
6788,23
6789,42
6790,52
6791,110
6792,64
6793,73
6794,66
6795,44
6796,34
6797,117
6798,118
6799,48
6800,133
6801,69
6802,29
6803,4
6804,135
6805,162
6806,1
6807,51
6808,171
6809,17
6810,49
6811,61
6812,151
6813,104
6814,114
6815,8
6816,165
6817,57
6818,87
6819,90
6820,72
6821,171
6822,125
6823,40
6824,174
6825,75
6826,100
6827,115
6828,76
6829,109
6830,64
6831,126
6832,7
6833,114
6834,129
6835,83
6836,110
6837,142
6838,41
6839,66
6840,51
6841,89
6842,125
6843,1
6844,1
6845,153
6846,151
6847,86
6848,118
6849,22
6850,140
6851,82
6852,25
6853,88
6854,115
6855,196
6856,178
6857,76
6858,70
6859,26
6860,67
6861,32
6862,82
6863,103
6864,146
6865,27
6866,31
6867,198
6868,199
6869,0
6870,133
6871,94
6872,131
6873,87
6874,187
6875,194
6876,127
6877,114
6878,167
6879,168
6880,99
6881,72
6882,77
6883,122
6884,198
6885,153
6886,74
6887,37
6888,47
6889,161
6890,44
6891,135
6892,122
6893,59
6894,157
6895,78
6896,104
6897,71
6898,12
6899,136
6900,8
6901,125
6902,14
6903,84
6904,198
6905,154
6906,159
6907,139
6908,179
6909,31
6910,189
6911,135
6912,198
6913,100
6914,16
6915,11
6916,173
6917,164
6918,191
6919,180
6920,32
6921,83
6922,166
6923,70
6924,113
6925,71
6926,160
6927,186
6928,76
6929,74
6930,83
6931,58
6932,88
6933,63
6934,149
6935,190
6936,16
6937,185
6938,47
6939,40
6940,71
6941,25
6942,21
6943,73
6944,43
6945,75
6946,55
6947,116
6948,88
6949,41
6950,10
6951,80
6952,63
6953,134
6954,84
6955,41
6956,115
6957,17
6958,157
6959,142
6960,72
6961,135
6962,120
6963,168
6964,58
6965,60
6966,63
6967,89
6968,25
6969,160
6970,27
6971,52
6972,72
6973,7
6974,76
6975,6
6976,75
6977,7
6978,165
6979,127
6980,110
6981,34
6982,116
6983,71
6984,64
6985,122
6986,193
6987,163
6988,138
6989,88
6990,185
6991,95
6992,104
6993,139
6994,79
6995,198
6996,184
6997,142
6998,192
6999,93
7000,126
7001,138
7002,186
7003,194
7004,44
7005,26
7006,147
7007,40
7008,86
7009,83
7010,146
7011,23
7012,14
7013,6
7014,146
7015,198
7016,42
7017,148
7018,196
7019,144
7020,168
7021,20
7022,185
7023,191
7024,32
7025,137
7026,114
7027,49
7028,148
7029,59
7030,27
7031,78
7032,131
7033,58
7034,17
7035,44
7036,183
7037,34
7038,127
7039,111
7040,123
7041,89
7042,171
7043,164
7044,24
7045,57
7046,123
7047,45
7048,177
7049,159
7050,173
7051,6
7052,162
7053,63
7054,58
7055,98
7056,33
7057,1
7058,157
7059,175
7060,155
7061,96
7062,176
7063,153
7064,4
7065,151
7066,172
7067,143
7068,184
7069,103
7070,82
7071,193
7072,110
7073,24
7074,95
7075,151
7076,166
7077,172
7078,101
7079,171
7080,3
7081,148
7082,197
7083,90
7084,97
7085,137
7086,5
7087,20
7088,193
7089,152
7090,96
7091,128
7092,147
7093,80
7094,131
7095,151
7096,153
7097,7
7098,179
7099,136
7100,184
7101,170
7102,127
7103,8
7104,90
7105,19
7106,29
7107,164
7108,55
7109,71
7110,88
7111,147
7112,178
7113,196
7114,188
7115,120
7116,181
7117,132
7118,23
7119,102
7120,169
7121,126
7122,135
7123,84
7124,107
7125,184
7126,36
7127,134
7128,167
7129,110
7130,67
7131,180
7132,198
7133,177
7134,86
7135,0
7136,16
7137,8
7138,150
7139,152
7140,28
7141,22
7142,10
7143,154
7144,0
7145,63
7146,109
7147,17
7148,158
7149,118
7150,174
7151,183
7152,133
7153,9
7154,171
7155,193
7156,28
7157,93
7158,10
7159,78
7160,17
7161,162
7162,64
7163,142
7164,101
7165,144
7166,0
7167,109
7168,12
7169,33
7170,12
7171,5
7172,185
7173,85
7174,177
7175,11
7176,98
7177,87
7178,159
7179,94
7180,20
7181,162
7182,144
7183,65
7184,67
7185,159
7186,177
7187,142
7188,64
7189,163
7190,18
7191,158
7192,160
7193,173
7194,47
7195,107
7196,82
7197,5
7198,84
7199,107
7200,199
7201,190
7202,156
7203,133
7204,159
7205,126
7206,35
7207,127
7208,81
7209,27
7210,53
7211,32
7212,106
7213,89
7214,158
7215,62
7216,181
7217,143
7218,142
7219,105
7220,122
7221,62
7222,161
7223,191
7224,86
7225,129
7226,47
7227,114
7228,187
7229,9
7230,25
7231,78
7232,41
7233,12
7234,23
7235,28
7236,53
7237,191
7238,172
7239,26
7240,60
7241,56
7242,176
7243,113
7244,157
7245,52
7246,112
7247,49
7248,148
7249,120
7250,166
7251,82
7252,165
7253,79
7254,117
7255,57
7256,9
7257,118
7258,133
7259,180
7260,113
7261,163
7262,29
7263,10
7264,55
7265,83
7266,148
7267,137
7268,73
7269,73
7270,6
7271,172
7272,166
7273,41
7274,142
7275,105
7276,98
7277,36
7278,172
7279,22
7280,0
7281,14
7282,103
7283,151
7284,12
7285,106
7286,79
7287,54
7288,115
7289,124
7290,72
7291,65
7292,107
7293,190
7294,120
7295,186
7296,173
7297,102
7298,50
7299,67
7300,29
7301,64
7302,43
7303,101
7304,146
7305,132
7306,7
7307,107
7308,155
7309,164
7310,8
7311,108
7312,88
7313,73
7314,97
7315,143
7316,114
7317,115
7318,91
7319,178
7320,176
7321,49
7322,174
7323,145
7324,46
7325,133
7326,5
7327,33
7328,127
7329,25
7330,51
7331,114
7332,56
7333,99
7334,121
7335,159
7336,80
7337,177
7338,159
7339,30
7340,117
7341,198
7342,113
7343,14
7344,79
7345,68
7346,85
7347,119
7348,139
7349,64
7350,0
7351,158
7352,38
7353,186
7354,132
7355,64
7356,97
7357,187
7358,175
7359,55
7360,79
7361,9
7362,104
7363,51
7364,82
7365,7
7366,48
7367,179
7368,9
7369,47
7370,4
7371,17
7372,174
7373,169
7374,176
7375,91
7376,156
7377,97
7378,4
7379,105
7380,104
7381,11
7382,113
7383,44
7384,148
7385,41
7386,140
7387,66
7388,183
7389,54
7390,37
7391,161
7392,42
7393,124
7394,59
7395,96
7396,67
7397,111
7398,117
7399,48
7400,165
7401,169
7402,176
7403,144
7404,194
7405,48
7406,69
7407,28
7408,7
7409,18
7410,190
7411,134
7412,185
7413,117
7414,84
7415,197
7416,73
7417,5
7418,86
7419,1
7420,137
7421,136
7422,10
7423,34
7424,102
7425,5
7426,89
7427,37
7428,37
7429,105
7430,37
7431,99
7432,114
7433,149
7434,178
7435,142
7436,169
7437,9
7438,162
7439,39
7440,62
7441,13
7442,72
7443,197
7444,28
7445,149
7446,107
7447,72
7448,31
7449,10
7450,199
7451,16
7452,30
7453,170
7454,196
7455,60
7456,67
7457,139
7458,29
7459,18
7460,51
7461,163
7462,103
7463,194
7464,61
7465,71
7466,58
7467,154
7468,162
7469,158
7470,87
7471,199
7472,166
7473,125
7474,35
7475,6
7476,55
7477,60
7478,19
7479,4
7480,11
7481,65
7482,192
7483,194
7484,104
7485,81
7486,115
7487,39
7488,78
7489,66
7490,124
7491,69
7492,164
7493,46
7494,53
7495,195
7496,138
7497,8
7498,195
7499,162
7500,77
7501,118
7502,165
7503,22
7504,66
7505,72
7506,52
7507,134
7508,59
7509,42
7510,55
7511,57
7512,86
7513,75
7514,187
7515,116
7516,57
7517,99
7518,193
7519,72
7520,46
7521,154
7522,11
7523,107
7524,6
7525,189
7526,167
7527,187
7528,60
7529,60
7530,1
7531,53
7532,37
7533,31
7534,160
7535,68
7536,142
7537,140
7538,93
7539,112
7540,166
7541,34
7542,89
7543,47
7544,196
7545,57
7546,39
7547,109
7548,135
7549,192
7550,165
7551,153
7552,116
7553,101
7554,22
7555,109
7556,191
7557,84
7558,10
7559,35
7560,168
7561,5
7562,50
7563,101
7564,9
7565,147
7566,172
7567,161
7568,20
7569,167
7570,76
7571,20
7572,177
7573,135
7574,120
7575,63
7576,121
7577,110
7578,62
7579,107
7580,149
7581,54
7582,83
7583,30
7584,99
7585,153
7586,156
7587,151
7588,50
7589,0
7590,140
7591,163
7592,8
7593,107
7594,2
7595,81
7596,38
7597,32
7598,194
7599,163
7600,174
7601,157
7602,138
7603,131
7604,114
7605,104
7606,188
7607,36
7608,137
7609,127
7610,162
7611,81
7612,108
7613,199
7614,82
7615,97
7616,167
7617,185
7618,44
7619,184
7620,156
7621,149
7622,90
7623,60
7624,160
7625,137
7626,51
7627,67
7628,74
7629,62
7630,8
7631,39
7632,44
7633,101
7634,191
7635,149
7636,183
7637,115
7638,142
7639,96
7640,43
7641,174
7642,113
7643,27
7644,30
7645,195
7646,118
7647,57
7648,92
7649,149
7650,103
7651,43
7652,45
7653,40
7654,123
7655,87
7656,154
7657,136
7658,47
7659,121
7660,47
7661,13
7662,68
7663,186
7664,112
7665,133
7666,21
7667,74
7668,45
7669,152
7670,59
7671,100
7672,172
7673,72
7674,34
7675,89
7676,92
7677,190
7678,108
7679,143
7680,95
7681,19
7682,115
7683,82
7684,132
7685,161
7686,42
7687,166
7688,145
7689,139
7690,32
7691,84
7692,95
7693,3
7694,183
7695,17
7696,196
7697,182
7698,194
7699,193
7700,168
7701,19
7702,159
7703,42
7704,63
7705,36
7706,96
7707,51
7708,14
7709,173
7710,178
7711,15
7712,21
7713,15
7714,194
7715,115
7716,62
7717,150
7718,29
7719,114
7720,177
7721,167
7722,123
7723,1
7724,80
7725,119
7726,183
7727,126
7728,130
7729,61
7730,84
7731,85
7732,79
7733,181
7734,129
7735,118
7736,153
7737,102
7738,90
7739,63
7740,114
7741,138
7742,181
7743,173
7744,102
7745,18
7746,31
7747,135
7748,93
7749,191
7750,45
7751,54
7752,61
7753,187
7754,96
7755,89
7756,41
7757,192
7758,42
7759,150
7760,52
7761,180
7762,70
7763,163
7764,80
7765,171
7766,5
7767,83
7768,103
7769,97
7770,109
7771,59
7772,131
7773,51
7774,84
7775,154
7776,129
7777,111
7778,195
7779,91
7780,143
7781,45
7782,60
7783,90
7784,75
7785,54
7786,75
7787,65
7788,78
7789,176
7790,28
7791,196
7792,176
7793,51
7794,138
7795,112
7796,156
7797,163
7798,36
7799,154
7800,193
7801,31
7802,147
7803,62
7804,88
7805,27
7806,27
7807,20
7808,38
7809,198
7810,107
7811,125
7812,164
7813,63
7814,173
7815,110
7816,118
7817,136
7818,85
7819,71
7820,152
7821,169
7822,49
7823,177
7824,38
7825,125
7826,188
7827,57
7828,148
7829,97
7830,3
7831,107
7832,171
7833,170
7834,156
7835,150
7836,157
7837,76
7838,40
7839,197
7840,16
7841,52
7842,53
7843,17
7844,199
7845,90
7846,19
7847,115
7848,123
7849,193
7850,186
7851,55
7852,66
7853,189
7854,0
7855,58
7856,93
7857,15
7858,78
7859,144
7860,136
7861,9
7862,106
7863,106
7864,5
7865,149
7866,71
7867,181
7868,136
7869,27
7870,21
7871,176
7872,39
7873,93
7874,14
7875,168
7876,151
7877,39
7878,190
7879,99
7880,70
7881,121
7882,180
7883,112
7884,83
7885,96
7886,117
7887,98
7888,137
7889,56
7890,130
7891,98
7892,182
7893,2
7894,113
7895,170
7896,93
7897,37
7898,88
7899,2
7900,5
7901,90
7902,171
7903,108
7904,144
7905,140
7906,169
7907,182
7908,23
7909,17
7910,195
7911,20
7912,165
7913,55
7914,54
7915,39
7916,123
7917,194
7918,117
7919,139
7920,34
7921,172
7922,64
7923,157
7924,162
7925,190
7926,19
7927,194
7928,63
7929,40
7930,4
7931,118
7932,186
7933,135
7934,123
7935,193
7936,61
7937,68
7938,82
7939,195
7940,172
7941,119
7942,101
7943,187
7944,189
7945,6
7946,148
7947,17
7948,43
7949,137
7950,77
7951,184
7952,27
7953,5
7954,154
7955,92
7956,126
7957,46
7958,179
7959,158
7960,58
7961,70
7962,176
7963,111
7964,100
7965,52
7966,24
7967,62
7968,20
7969,189
7970,184
7971,157
7972,7
7973,181
7974,133
7975,15
7976,35
7977,69
7978,118
7979,23
7980,82
7981,184
7982,64
7983,162
7984,15
7985,120
7986,146
7987,13
7988,163
7989,50
7990,94
7991,92
7992,79
7993,87
7994,107
7995,91
7996,88
7997,184
7998,138
7999,179
